[
{
   "model": "main.profile",
   "pk": 1,
   "fields": {
      "user": 1,
      "tokens": 0
   }
},
{
   "model": "main.profile",
   "pk": 2,
   "fields": {
      "user": 2,
      "tokens": 0
   }
},
{
   "model": "main.profile",
   "pk": 3,
   "fields": {
      "user": 3,
      "tokens": 0
   }
},
{
   "model": "main.profile",
   "pk": 4,
   "fields": {
      "user": 4,
      "tokens": 0
   }
},
{
   "model": "main.profile",
   "pk": 5,
   "fields": {
      "user": 5,
      "tokens": 0
   }
},
{
   "model": "main.paquete",
   "pk": 1,
   "fields": {
      "nombre": "Single",
      "precio": "2.99",
      "tokens": 1,
      "disponible": true
   }
},
{
   "model": "main.paquete",
   "pk": 2,
   "fields": {
      "nombre": "Simple",
      "precio": "9.99",
      "tokens": 5,
      "disponible": true
   }
},
{
   "model": "main.paquete",
   "pk": 3,
   "fields": {
      "nombre": "Medium",
      "precio": "19.99",
      "tokens": 15,
      "disponible": true
   }
},
{
   "model": "main.paquete",
   "pk": 4,
   "fields": {
      "nombre": "Large",
      "precio": "24.99",
      "tokens": 25,
      "disponible": true
   }
},
{
   "model": "main.equipo",
   "pk": 1,
   "fields": {
      "nombre": "Azul",
      "logo": ""
   }
},
{
   "model": "main.equipo",
   "pk": 2,
   "fields": {
      "nombre": "Verde",
      "logo": ""
   }
},
{
   "model": "main.equipo",
   "pk": 3,
   "fields": {
      "nombre": "Blanco",
      "logo": ""
   }
},
{
   "model": "main.equipo",
   "pk": 4,
   "fields": {
      "nombre": "Rojo",
      "logo": ""
   }
},
{
   "model": "main.equipo",
   "pk": 5,
   "fields": {
      "nombre": "Amarillo",
      "logo": ""
   }
},
{
   "model": "main.equipo",
   "pk": 6,
   "fields": {
      "nombre": "Naranja",
      "logo": "main/images/equipo_logo/maxresdefault.jpg"
   }
},
{
   "model": "main.alumno",
   "pk": 1,
   "fields": {
      "nombre": "Esdin",
      "apellido": "Pacaj\u00e1",
      "equipo": 1
   }
},
{
   "model": "main.alumno",
   "pk": 2,
   "fields": {
      "nombre": "Mayra",
      "apellido": "Hern\u00e1ndez",
      "equipo": 1
   }
},
{
   "model": "main.alumno",
   "pk": 3,
   "fields": {
      "nombre": "Karla",
      "apellido": "del Valle",
      "equipo": 2
   }
},
{
   "model": "main.alumno",
   "pk": 4,
   "fields": {
      "nombre": "Valeria",
      "apellido": "Fuentes",
      "equipo": 2
   }
},
{
   "model": "main.alumno",
   "pk": 5,
   "fields": {
      "nombre": "Kevin",
      "apellido": "Quelex",
      "equipo": 3
   }
},
{
   "model": "main.alumno",
   "pk": 6,
   "fields": {
      "nombre": "Mar\u00eda",
      "apellido": "Ordo\u00f1ez",
      "equipo": 3
   }
},
{
   "model": "main.alumno",
   "pk": 7,
   "fields": {
      "nombre": "Liza",
      "apellido": "Marroqu\u00edn",
      "equipo": 4
   }
},
{
   "model": "main.alumno",
   "pk": 8,
   "fields": {
      "nombre": "Do\u00f1a",
      "apellido": "Vilma",
      "equipo": 4
   }
},
{
   "model": "main.alumno",
   "pk": 9,
   "fields": {
      "nombre": "Melvin",
      "apellido": "Sosa",
      "equipo": 5
   }
},
{
   "model": "main.alumno",
   "pk": 10,
   "fields": {
      "nombre": "Juan",
      "apellido": "Roca",
      "equipo": 5
   }
},
{
   "model": "main.alumno",
   "pk": 11,
   "fields": {
      "nombre": "Luc\u00eda",
      "apellido": "V\u00e1squez",
      "equipo": 6
   }
},
{
   "model": "main.alumno",
   "pk": 12,
   "fields": {
      "nombre": "Mary",
      "apellido": "Flores",
      "equipo": 6
   }
},
{
   "model": "main.alumno",
   "pk": 13,
   "fields": {
      "nombre": "Erick",
      "apellido": "Juarez",
      "equipo": 1
   }
},
{
   "model": "main.alumno",
   "pk": 14,
   "fields": {
      "nombre": "Ostin",
      "apellido": "Qui\u00f1\u00f3nez",
      "equipo": 2
   }
},
{
   "model": "main.alumno",
   "pk": 15,
   "fields": {
      "nombre": "Jorge",
      "apellido": "Salazar",
      "equipo": 3
   }
},
{
   "model": "main.alumno",
   "pk": 16,
   "fields": {
      "nombre": "Jos\u00e9",
      "apellido": "Castro",
      "equipo": 4
   }
},
{
   "model": "main.alumno",
   "pk": 17,
   "fields": {
      "nombre": "Jos\u00e9",
      "apellido": "Cruz",
      "equipo": 5
   }
},
{
   "model": "main.alumno",
   "pk": 18,
   "fields": {
      "nombre": "Aleyda",
      "apellido": "Castillo",
      "equipo": 6
   }
},
{
   "model": "main.materia",
   "pk": 1,
   "fields": {
      "nombre": "Matem\u00e1tica"
   }
},
{
   "model": "main.materia",
   "pk": 2,
   "fields": {
      "nombre": "Lenguaje"
   }
},
{
   "model": "main.materia",
   "pk": 3,
   "fields": {
      "nombre": "Ciencias Naturales"
   }
},
{
   "model": "main.materia",
   "pk": 4,
   "fields": {
      "nombre": "Estudios Sociales"
   }
},
{
   "model": "main.reto",
   "pk": 1,
   "fields": {
      "materia": 1,
      "fecha": "2016-07-04",
      "pt_1": 5,
      "pt_2": 3,
      "pt_3": 1
   }
},
{
   "model": "main.reto",
   "pk": 2,
   "fields": {
      "materia": 2,
      "fecha": "2016-07-11",
      "pt_1": 5,
      "pt_2": 3,
      "pt_3": 1
   }
},
{
   "model": "main.reto",
   "pk": 3,
   "fields": {
      "materia": 3,
      "fecha": "2016-07-18",
      "pt_1": 6,
      "pt_2": 3,
      "pt_3": 1
   }
},
{
   "model": "main.reto",
   "pk": 4,
   "fields": {
      "materia": 4,
      "fecha": "2016-07-25",
      "pt_1": 5,
      "pt_2": 2,
      "pt_3": 1
   }
},
{
   "model": "main.reto",
   "pk": 5,
   "fields": {
      "materia": 1,
      "fecha": "2016-08-01",
      "pt_1": 6,
      "pt_2": 4,
      "pt_3": 2
   }
},
{
   "model": "main.reto",
   "pk": 6,
   "fields": {
      "materia": 2,
      "fecha": "2016-08-08",
      "pt_1": 6,
      "pt_2": 2,
      "pt_3": 1
   }
},
{
   "model": "main.reto",
   "pk": 7,
   "fields": {
      "materia": 3,
      "fecha": "2016-08-15",
      "pt_1": 4,
      "pt_2": 3,
      "pt_3": 2
   }
},
{
   "model": "main.reto",
   "pk": 8,
   "fields": {
      "materia": 4,
      "fecha": "2016-08-22",
      "pt_1": 5,
      "pt_2": 3,
      "pt_3": 1
   }
},
{
   "model": "main.reto",
   "pk": 9,
   "fields": {
      "materia": 1,
      "fecha": "2016-08-29",
      "pt_1": 7,
      "pt_2": 3,
      "pt_3": 2
   }
},
{
   "model": "main.reto",
   "pk": 10,
   "fields": {
      "materia": 2,
      "fecha": "2016-09-05",
      "pt_1": 6,
      "pt_2": 3,
      "pt_3": 1
   }
},
{
   "model": "main.reto",
   "pk": 11,
   "fields": {
      "materia": 3,
      "fecha": "2016-09-12",
      "pt_1": 6,
      "pt_2": 4,
      "pt_3": 1
   }
},
{
   "model": "main.reto",
   "pk": 12,
   "fields": {
      "materia": 4,
      "fecha": "2016-09-19",
      "pt_1": 7,
      "pt_2": 4,
      "pt_3": 2
   }
},
{
   "model": "main.nota",
   "pk": 1,
   "fields": {
      "alumno": 1,
      "reto": 1,
      "nota": 80
   }
},
{
   "model": "main.nota",
   "pk": 3,
   "fields": {
      "alumno": 3,
      "reto": 1,
      "nota": 88
   }
},
{
   "model": "main.nota",
   "pk": 4,
   "fields": {
      "alumno": 6,
      "reto": 1,
      "nota": 90
   }
},
{
   "model": "main.nota",
   "pk": 5,
   "fields": {
      "alumno": 10,
      "reto": 1,
      "nota": 73
   }
},
{
   "model": "main.nota",
   "pk": 6,
   "fields": {
      "alumno": 8,
      "reto": 1,
      "nota": 79
   }
},
{
   "model": "main.nota",
   "pk": 7,
   "fields": {
      "alumno": 18,
      "reto": 1,
      "nota": 72
   }
},
{
   "model": "main.nota",
   "pk": 8,
   "fields": {
      "alumno": 2,
      "reto": 2,
      "nota": 82
   }
},
{
   "model": "main.nota",
   "pk": 9,
   "fields": {
      "alumno": 4,
      "reto": 2,
      "nota": 70
   }
},
{
   "model": "main.nota",
   "pk": 10,
   "fields": {
      "alumno": 6,
      "reto": 2,
      "nota": 69
   }
},
{
   "model": "main.nota",
   "pk": 11,
   "fields": {
      "alumno": 8,
      "reto": 2,
      "nota": 79
   }
},
{
   "model": "main.nota",
   "pk": 12,
   "fields": {
      "alumno": 12,
      "reto": 2,
      "nota": 74
   }
},
{
   "model": "main.nota",
   "pk": 13,
   "fields": {
      "alumno": 10,
      "reto": 2,
      "nota": 63
   }
},
{
   "model": "main.nota",
   "pk": 14,
   "fields": {
      "alumno": 13,
      "reto": 3,
      "nota": 69
   }
},
{
   "model": "main.nota",
   "pk": 15,
   "fields": {
      "alumno": 14,
      "reto": 3,
      "nota": 81
   }
},
{
   "model": "main.nota",
   "pk": 16,
   "fields": {
      "alumno": 15,
      "reto": 3,
      "nota": 83
   }
},
{
   "model": "main.nota",
   "pk": 17,
   "fields": {
      "alumno": 16,
      "reto": 3,
      "nota": 77
   }
},
{
   "model": "main.nota",
   "pk": 18,
   "fields": {
      "alumno": 17,
      "reto": 3,
      "nota": 64
   }
},
{
   "model": "main.nota",
   "pk": 19,
   "fields": {
      "alumno": 11,
      "reto": 3,
      "nota": 74
   }
},
{
   "model": "main.nota",
   "pk": 20,
   "fields": {
      "alumno": 1,
      "reto": 4,
      "nota": 68
   }
},
{
   "model": "main.nota",
   "pk": 21,
   "fields": {
      "alumno": 3,
      "reto": 4,
      "nota": 67
   }
},
{
   "model": "main.nota",
   "pk": 22,
   "fields": {
      "alumno": 5,
      "reto": 4,
      "nota": 77
   }
},
{
   "model": "main.nota",
   "pk": 23,
   "fields": {
      "alumno": 7,
      "reto": 4,
      "nota": 70
   }
},
{
   "model": "main.nota",
   "pk": 24,
   "fields": {
      "alumno": 9,
      "reto": 4,
      "nota": 72
   }
},
{
   "model": "main.nota",
   "pk": 25,
   "fields": {
      "alumno": 11,
      "reto": 4,
      "nota": 64
   }
},
{
   "model": "main.nota",
   "pk": 26,
   "fields": {
      "alumno": 2,
      "reto": 5,
      "nota": 65
   }
},
{
   "model": "main.nota",
   "pk": 27,
   "fields": {
      "alumno": 4,
      "reto": 5,
      "nota": 69
   }
},
{
   "model": "main.nota",
   "pk": 28,
   "fields": {
      "alumno": 6,
      "reto": 5,
      "nota": 73
   }
},
{
   "model": "main.nota",
   "pk": 29,
   "fields": {
      "alumno": 10,
      "reto": 5,
      "nota": 74
   }
},
{
   "model": "main.nota",
   "pk": 30,
   "fields": {
      "alumno": 18,
      "reto": 5,
      "nota": 70
   }
},
{
   "model": "main.nota",
   "pk": 31,
   "fields": {
      "alumno": 16,
      "reto": 5,
      "nota": 84
   }
},
{
   "model": "main.nota",
   "pk": 32,
   "fields": {
      "alumno": 13,
      "reto": 6,
      "nota": 78
   }
},
{
   "model": "main.nota",
   "pk": 33,
   "fields": {
      "alumno": 5,
      "reto": 6,
      "nota": 84
   }
},
{
   "model": "main.nota",
   "pk": 34,
   "fields": {
      "alumno": 8,
      "reto": 6,
      "nota": 72
   }
},
{
   "model": "main.nota",
   "pk": 35,
   "fields": {
      "alumno": 10,
      "reto": 6,
      "nota": 60
   }
},
{
   "model": "main.nota",
   "pk": 36,
   "fields": {
      "alumno": 11,
      "reto": 6,
      "nota": 62
   }
},
{
   "model": "main.nota",
   "pk": 37,
   "fields": {
      "alumno": 4,
      "reto": 6,
      "nota": 64
   }
},
{
   "model": "main.nota",
   "pk": 38,
   "fields": {
      "alumno": 1,
      "reto": 7,
      "nota": 77
   }
},
{
   "model": "main.nota",
   "pk": 39,
   "fields": {
      "alumno": 3,
      "reto": 7,
      "nota": 73
   }
},
{
   "model": "main.nota",
   "pk": 40,
   "fields": {
      "alumno": 5,
      "reto": 7,
      "nota": 83
   }
},
{
   "model": "main.nota",
   "pk": 41,
   "fields": {
      "alumno": 7,
      "reto": 7,
      "nota": 93
   }
},
{
   "model": "main.nota",
   "pk": 42,
   "fields": {
      "alumno": 9,
      "reto": 7,
      "nota": 70
   }
},
{
   "model": "main.nota",
   "pk": 43,
   "fields": {
      "alumno": 11,
      "reto": 7,
      "nota": 60
   }
},
{
   "model": "main.nota",
   "pk": 44,
   "fields": {
      "alumno": 2,
      "reto": 8,
      "nota": 86
   }
},
{
   "model": "main.nota",
   "pk": 45,
   "fields": {
      "alumno": 4,
      "reto": 8,
      "nota": 73
   }
},
{
   "model": "main.nota",
   "pk": 46,
   "fields": {
      "alumno": 6,
      "reto": 8,
      "nota": 64
   }
},
{
   "model": "main.nota",
   "pk": 47,
   "fields": {
      "alumno": 8,
      "reto": 8,
      "nota": 74
   }
},
{
   "model": "main.nota",
   "pk": 48,
   "fields": {
      "alumno": 10,
      "reto": 8,
      "nota": 69
   }
},
{
   "model": "main.nota",
   "pk": 49,
   "fields": {
      "alumno": 12,
      "reto": 8,
      "nota": 71
   }
},
{
   "model": "main.nota",
   "pk": 50,
   "fields": {
      "alumno": 13,
      "reto": 9,
      "nota": 84
   }
},
{
   "model": "main.nota",
   "pk": 51,
   "fields": {
      "alumno": 14,
      "reto": 9,
      "nota": 68
   }
},
{
   "model": "main.nota",
   "pk": 52,
   "fields": {
      "alumno": 15,
      "reto": 9,
      "nota": 57
   }
},
{
   "model": "main.nota",
   "pk": 53,
   "fields": {
      "alumno": 16,
      "reto": 9,
      "nota": 92
   }
},
{
   "model": "main.nota",
   "pk": 54,
   "fields": {
      "alumno": 17,
      "reto": 9,
      "nota": 76
   }
},
{
   "model": "main.nota",
   "pk": 55,
   "fields": {
      "alumno": 18,
      "reto": 9,
      "nota": 80
   }
},
{
   "model": "main.nota",
   "pk": 56,
   "fields": {
      "alumno": 1,
      "reto": 10,
      "nota": 52
   }
},
{
   "model": "main.nota",
   "pk": 57,
   "fields": {
      "alumno": 3,
      "reto": 10,
      "nota": 89
   }
},
{
   "model": "main.nota",
   "pk": 58,
   "fields": {
      "alumno": 6,
      "reto": 10,
      "nota": 68
   }
},
{
   "model": "main.nota",
   "pk": 59,
   "fields": {
      "alumno": 8,
      "reto": 10,
      "nota": 77
   }
},
{
   "model": "main.nota",
   "pk": 60,
   "fields": {
      "alumno": 10,
      "reto": 10,
      "nota": 85
   }
},
{
   "model": "main.nota",
   "pk": 61,
   "fields": {
      "alumno": 12,
      "reto": 10,
      "nota": 90
   }
},
{
   "model": "main.nota",
   "pk": 62,
   "fields": {
      "alumno": 13,
      "reto": 11,
      "nota": 95
   }
},
{
   "model": "main.nota",
   "pk": 63,
   "fields": {
      "alumno": 14,
      "reto": 11,
      "nota": 62
   }
},
{
   "model": "main.nota",
   "pk": 64,
   "fields": {
      "alumno": 15,
      "reto": 11,
      "nota": 48
   }
},
{
   "model": "main.nota",
   "pk": 65,
   "fields": {
      "alumno": 16,
      "reto": 11,
      "nota": 89
   }
},
{
   "model": "main.nota",
   "pk": 66,
   "fields": {
      "alumno": 17,
      "reto": 11,
      "nota": 60
   }
},
{
   "model": "main.nota",
   "pk": 67,
   "fields": {
      "alumno": 18,
      "reto": 11,
      "nota": 59
   }
},
{
   "model": "main.nota",
   "pk": 68,
   "fields": {
      "alumno": 1,
      "reto": 12,
      "nota": 57
   }
},
{
   "model": "main.nota",
   "pk": 69,
   "fields": {
      "alumno": 3,
      "reto": 12,
      "nota": 90
   }
},
{
   "model": "main.nota",
   "pk": 70,
   "fields": {
      "alumno": 5,
      "reto": 12,
      "nota": 47
   }
},
{
   "model": "main.nota",
   "pk": 71,
   "fields": {
      "alumno": 7,
      "reto": 12,
      "nota": 49
   }
},
{
   "model": "main.nota",
   "pk": 72,
   "fields": {
      "alumno": 9,
      "reto": 12,
      "nota": 96
   }
},
{
   "model": "main.nota",
   "pk": 73,
   "fields": {
      "alumno": 11,
      "reto": 12,
      "nota": 75
   }
}
]
